1,421,466,2020/05/19,true,34
2,201,521,2018/07/29,false,47
3,912,518,2017/02/21,true,42
4,383,594,2022/06/22,false,41
5,850,378,2022/06/21,false,36
6,573,254,2021/09/16,false,29
7,695,195,2018/08/09,false,30
8,817,736,2025/05/01,true,33
9,261,832,2025/02/05,false,47
10,315,128,2025/08/18,false,22
11,31,203,2024/12/16,false,48
12,466,481,2025/02/05,false,33
13,274,81,2025/06/24,false,27
14,394,940,2025/02/25,false,39
15,39,991,2025/07/21,false,22
16,799,174,2025/02/13,true,47
17,394,989,2025/09/15,true,40
18,355,457,2025/02/05,false,44
19,877,196,2025/09/10,false,21
20,648,55,2025/07/07,true,20
21,540,932,2025/10/03,false,23
22,973,549,2025/11/27,false,20
23,101,200,2025/11/05,false,22
24,273,596,2025/12/17,false,41
25,608,134,2025/03/19,true,43
26,244,359,2025/04/14,false,20
27,213,968,2025/03/11,false,49
28,589,334,2025/02/25,false,24
29,653,381,2025/02/02,true,27
30,365,81,2025/12/22,false,49
31,398,621,2025/11/11,false,46
32,958,483,2025/01/04,true,27
33,404,502,2025/09/11,true,48
34,694,876,2025/10/04,true,31
35,870,39,2025/05/09,false,26
36,675,641,2025/09/11,false,29
37,62,895,2025/12/21,false,36
38,994,902,2025/01/13,true,42
39,438,230,2025/04/15,false,23
40,270,181,2025/12/18,false,38
41,901,891,2025/09/01,true,50
42,906,769,2025/05/19,false,29
43,217,781,2025/04/09,true,23
44,684,288,2025/01/11,true,26
45,949,263,2024/12/18,false,46
46,780,961,2025/08/15,true,48
47,195,548,2024/12/06,true,38
48,649,957,2025/02/12,true,36
49,157,662,2025/04/27,true,46
50,848,671,2025/05/25,false,24
51,852,539,2025/06/18,false,37
52,53,747,2025/03/08,true,42
53,578,169,2025/09/10,true,29
54,547,277,2025/01/25,false,40
55,808,330,2025/05/22,true,35
56,295,516,2025/11/18,true,36
57,294,107,2025/03/28,false,21
58,748,702,2025/04/27,true,48
59,477,963,2025/01/19,true,50
60,929,430,2025/06/20,false,46
61,968,937,2025/08/04,false,47
62,516,450,2025/01/24,true,48
63,844,51,2025/09/04,true,49
64,417,496,2025/04/25,true,32
65,831,210,2025/07/20,true,27
66,79,872,2025/03/26,true,43
67,198,766,2025/04/15,true,30
68,945,103,2025/09/23,false,42
69,87,778,2025/02/28,true,26
70,928,310,2025/03/03,false,34
71,760,121,2025/06/26,false,21
72,862,772,2024/12/29,true,28
73,48,687,2025/06/12,false,21
74,740,618,2025/06/08,false,42
75,284,624,2025/08/01,true,33
76,217,385,2025/12/17,false,34
77,928,612,2025/09/24,false,21
78,953,95,2025/11/24,true,49
79,270,287,2025/10/17,false,35
80,32,44,2025/09/07,false,26
81,435,122,2025/05/11,true,50
82,748,15,2025/05/01,true,35
83,581,685,2025/10/24,true,45
84,485,876,2025/11/16,true,28
85,432,500,2025/03/16,false,40
86,589,155,2025/03/19,false,31
87,606,59,2025/11/24,false,28
88,729,307,2025/07/29,false,36
89,997,710,2025/01/21,false,21
90,779,160,2025/12/28,true,34
91,618,517,2025/10/17,false,42
92,499,160,2025/04/01,false,30
93,119,591,2025/04/07,true,45
94,31,347,2024/12/21,false,23
95,605,625,2025/01/03,false,28
96,358,806,2025/04/12,true,35
97,657,549,2025/11/09,true,27
98,251,186,2025/07/01,false,27
99,245,648,2025/07/26,true,37
100,830,739,2025/02/09,true,35
101,908,376,2025/03/29,false,42
102,773,923,2025/03/30,false,35
103,168,599,2025/02/02,true,27
104,49,612,2025/09/30,true,40
105,424,867,2025/07/27,true,30
106,299,260,2025/04/10,true,20
107,701,729,2025/12/03,true,27
108,745,635,2024/12/22,false,37
109,51,756,2025/11/08,false,36
110,526,521,2025/12/26,true,44
111,498,105,2025/05/17,false,20
112,650,534,2025/03/15,true,44
113,522,991,2025/02/19,false,46
114,620,67,2025/01/28,false,47
115,245,225,2025/06/02,false,39
116,350,325,2025/08/05,true,31
117,620,32,2025/12/02,true,48
118,101,103,2025/07/08,true,27
119,54,160,2025/01/29,true,44
120,415,570,2025/08/08,false,25
121,120,604,2025/03/26,false,28
122,486,354,2025/12/14,false,26
123,204,135,2025/02/18,false,43
124,832,859,2025/02/18,true,35
125,843,25,2025/04/28,true,34
126,877,927,2025/09/19,true,34
127,250,582,2025/04/23,false,39
128,504,238,2025/05/29,true,40
129,601,188,2025/09/22,false,29
130,263,142,2025/05/20,true,37
131,368,93,2025/07/19,true,34
132,155,985,2025/08/16,false,24
133,766,658,2025/04/04,false,32
134,420,900,2025/09/12,true,40
135,362,27,2025/07/20,false,30
136,531,291,2025/09/27,true,32
137,723,777,2025/03/03,false,39
138,797,174,2025/06/27,false,38
139,58,473,2025/04/20,false,20
140,522,595,2025/11/25,true,39
141,365,601,2025/01/10,false,50
142,401,495,2025/04/25,false,39
143,778,764,2025/05/23,true,49
144,848,500,2025/01/26,true,42
145,477,759,2025/03/06,true,44
146,607,135,2025/03/27,true,37
147,467,321,2025/03/06,false,29
148,505,341,2024/12/27,false,39
149,529,802,2025/03/14,true,20
150,182,225,2025/04/05,false,44
151,369,393,2025/10/21,false,29
152,652,211,2025/01/12,true,25
153,829,479,2025/09/29,false,44
154,966,736,2025/06/02,false,50
155,8,511,2025/07/17,false,42
156,540,761,2025/12/02,false,42
157,11,756,2025/04/14,true,22
158,855,441,2025/04/28,false,28
159,274,725,2025/11/18,false,46
160,689,318,2025/03/20,false,37
161,603,643,2025/06/10,true,46
162,901,39,2024/12/06,false,20
163,599,299,2025/08/06,false,43
164,501,984,2025/03/05,false,30
165,408,696,2025/11/10,true,21
166,618,720,2024/12/21,true,28
167,352,827,2025/04/09,false,30
168,373,556,2025/09/22,true,39
169,634,599,2025/09/18,true,50
170,265,153,2025/07/16,false,50
171,165,769,2025/03/09,true,40
172,72,162,2025/01/05,true,41
173,977,600,2025/11/01,false,29
174,731,56,2025/07/07,false,36
175,195,96,2024/12/22,true,48
176,406,286,2024/12/24,false,40
177,674,355,2025/11/14,false,36
178,237,87,2025/02/09,true,47
179,264,647,2024/12/30,false,25
180,248,601,2025/09/22,true,22
181,555,562,2025/10/21,true,33
182,276,283,2025/07/24,true,34
183,713,585,2025/09/06,true,24
184,969,895,2025/11/20,true,28
185,414,83,2025/12/23,false,40
186,724,320,2025/10/25,true,49
187,313,603,2025/02/05,false,26
188,51,221,2025/02/24,true,44
189,937,681,2025/03/27,false,22
190,729,96,2025/03/28,false,37
191,827,834,2025/05/06,true,29
192,227,52,2024/12/14,true,24
193,750,351,2025/11/03,true,36
194,547,745,2025/11/15,false,36
195,434,546,2025/07/20,true,50
196,118,1,2025/02/13,false,48
197,879,432,2025/08/01,false,50
198,79,211,2025/12/22,true,20
199,430,476,2025/09/05,true,27
200,676,24,2025/02/21,true,42
201,470,481,2025/02/23,false,33
202,561,579,2024/12/13,true,35
203,365,676,2025/08/01,true,46
204,555,639,2025/04/08,false,21
205,999,232,2025/06/05,true,46
206,96,140,2025/05/31,false,29
207,654,115,2025/12/06,false,25
208,410,587,2025/08/01,false,42
209,589,25,2025/08/07,true,48
210,535,706,2025/04/13,true,29
211,806,887,2025/10/04,false,31
212,469,701,2025/01/28,true,21
213,535,168,2025/04/01,true,23
214,793,433,2025/08/05,true,36
215,460,901,2025/07/25,false,46
216,175,1,2025/03/07,true,36
217,42,517,2025/07/18,false,27
218,319,781,2025/09/18,false,33
219,744,771,2024/12/30,false,44
220,828,8,2025/12/21,false,50
221,661,711,2025/03/05,true,36
222,608,86,2025/07/31,true,44
223,833,588,2025/01/21,true,33
224,97,412,2025/06/07,false,27
225,874,967,2025/05/09,false,41
226,893,970,2025/06/07,true,30
227,693,839,2025/09/17,true,32
228,805,613,2025/10/11,false,41
229,513,691,2025/08/15,false,20
230,198,352,2025/11/20,false,25
231,532,899,2025/02/07,false,31
232,546,34,2025/06/21,false,29
233,59,170,2024/12/24,false,42
234,960,164,2025/12/04,true,27
235,780,232,2025/11/14,false,36
236,927,266,2025/03/10,true,50
237,18,919,2025/02/19,true,48
238,365,780,2024/12/26,true,37
239,98,585,2025/07/22,true,44
240,925,932,2025/11/25,true,29
241,111,720,2025/10/23,true,38
242,976,9,2025/04/18,false,21
243,895,513,2025/07/18,true,44
244,658,276,2025/09/28,false,27
245,488,609,2025/10/26,true,48
246,179,477,2025/02/06,false,50
247,836,291,2025/02/28,true,27
248,382,535,2025/09/29,false,28
249,144,510,2025/07/13,true,21
250,62,626,2025/01/31,true,26
251,203,82,2025/02/06,true,24
252,118,687,2025/11/27,true,40
253,84,915,2025/11/20,true,38
254,199,824,2025/01/24,true,43
255,510,369,2025/03/26,false,50
256,390,43,2025/02/07,true,36
257,584,45,2025/12/02,true,45
258,222,668,2025/06/12,false,22
259,98,147,2024/12/13,false,32
260,625,171,2025/08/15,false,29
261,94,941,2025/07/24,false,43
262,360,334,2025/05/14,true,33
263,258,7,2025/01/07,false,35
264,210,249,2025/10/12,false,48
265,989,934,2025/11/29,false,21
266,472,67,2024/12/19,false,28
267,327,218,2025/03/03,true,26
268,643,611,2025/07/21,true,30
269,835,259,2025/10/10,false,49
270,279,843,2024/12/13,true,40
271,567,609,2025/06/01,true,41
272,592,825,2025/10/31,true,34
273,534,203,2025/03/19,false,30
274,907,883,2025/08/11,false,44
275,53,862,2025/12/17,false,46
276,288,877,2025/02/03,true,25
277,630,245,2025/09/11,true,45
278,474,240,2025/10/19,false,46
279,485,796,2025/03/01,false,38
280,419,249,2025/07/01,true,33
281,958,75,2025/10/19,false,42
282,669,671,2025/06/23,true,40
283,451,639,2025/12/14,false,28
284,114,439,2025/03/21,false,29
285,800,906,2025/11/17,true,36
286,392,899,2025/06/08,true,34
287,670,483,2025/12/29,true,36
288,168,158,2025/06/19,true,20
289,261,633,2025/02/25,false,34
290,511,830,2025/03/28,true,48
291,555,740,2024/12/23,false,50
292,133,174,2025/04/29,true,30
293,850,790,2025/09/09,false,43
294,228,614,2025/01/25,false,45
295,88,379,2025/09/26,true,39
296,787,664,2025/01/30,false,46
297,67,278,2025/06/02,true,32
298,453,55,2025/08/17,true,25
299,488,433,2024/12/18,false,47
300,870,717,2025/07/01,true,34
301,35,920,2025/03/31,true,44
302,281,169,2025/04/22,true,37
303,238,822,2025/10/18,true,30
304,778,805,2025/09/26,false,36
305,586,857,2025/07/21,false,36
306,536,321,2025/01/21,false,49
307,41,458,2025/09/13,true,43
308,164,391,2025/01/20,true,49
309,440,418,2025/12/09,true,40
310,659,8,2025/06/01,false,34
311,123,939,2025/11/22,true,20
312,468,703,2025/06/05,true,21
313,84,562,2025/03/04,true,48
314,976,239,2024/12/08,true,36
315,226,989,2025/02/13,false,24
316,830,394,2025/06/21,false,46
317,329,222,2025/04/26,true,40
318,48,287,2025/01/19,false,35
319,622,800,2025/07/23,true,37
320,88,949,2025/01/03,false,43
321,316,693,2025/05/15,false,27
322,817,605,2024/12/28,true,37
323,92,195,2025/11/22,true,24
324,797,67,2025/12/07,false,34
325,228,845,2025/02/16,true,32
326,908,949,2025/11/20,true,50
327,240,764,2025/02/21,true,48
328,832,80,2025/12/07,false,33
329,360,755,2025/05/30,false,49
330,195,48,2025/04/15,true,25
331,220,962,2025/09/01,false,39
332,351,74,2025/01/04,true,48
333,264,515,2025/09/03,true,33
334,594,886,2025/12/02,false,30
335,995,139,2025/01/17,true,43
336,718,839,2025/04/22,true,41
337,571,990,2025/12/04,false,20
338,719,513,2025/12/29,true,23
339,473,465,2025/06/20,true,33
340,936,212,2025/11/24,false,36
341,216,844,2025/04/15,false,33
342,529,360,2025/11/05,false,38
343,439,378,2024/12/11,false,23
344,377,664,2025/10/18,true,34
345,710,967,2025/08/17,true,32
346,570,831,2025/04/06,true,20
347,314,167,2025/04/29,true,34
348,956,637,2025/09/25,true,37
349,216,956,2025/03/16,false,28
350,644,335,2025/04/18,true,26
351,633,998,2025/09/19,true,47
352,318,1000,2025/03/12,false,40
353,946,691,2025/02/11,true,49
354,528,287,2025/09/30,true,33
355,436,399,2025/12/13,true,35
356,547,356,2025/01/11,true,26
357,940,790,2025/05/15,true,49
358,625,169,2025/09/28,true,32
359,119,102,2025/02/04,false,23
360,356,558,2025/09/12,true,48
361,61,981,2025/12/29,false,29
362,668,169,2025/08/07,true,36
363,817,632,2025/03/26,false,46
364,398,889,2024/12/27,true,41
365,486,608,2025/02/22,true,38
366,191,147,2025/01/23,false,41
367,226,573,2025/07/18,true,33
368,540,583,2025/01/05,true,41
369,129,482,2025/12/09,false,26
370,118,906,2025/06/09,true,24
371,426,919,2025/12/01,true,27
372,627,990,2025/08/09,true,24
373,654,562,2025/07/27,true,33
374,886,117,2025/01/17,false,35
375,249,854,2025/08/27,false,47
376,235,616,2025/07/28,true,29
377,242,295,2025/03/04,false,45
378,595,205,2025/10/22,true,35
379,92,440,2025/09/06,false,44
380,679,730,2025/05/23,false,25
381,849,153,2025/01/19,false,50
382,230,64,2025/01/10,false,41
383,298,852,2025/04/06,true,23
384,522,405,2025/04/26,true,26
385,978,560,2025/12/14,true,28
386,793,899,2025/10/17,false,26
387,28,800,2025/12/11,false,35
388,308,954,2025/08/25,false,39
389,216,596,2025/09/06,true,30
390,228,970,2025/01/22,false,36
391,861,110,2025/08/16,true,50
392,7,689,2025/02/06,false,30
393,344,156,2025/12/03,false,20
394,318,603,2025/07/05,false,49
395,916,645,2025/07/16,false,21
396,80,538,2025/03/20,true,22
397,992,241,2025/12/29,false,39
398,215,248,2025/11/17,false,43
399,302,488,2025/11/29,true,49
400,599,961,2025/08/07,false,37
401,466,523,2025/11/10,true,30
402,986,32,2025/08/21,true,34
403,49,977,2025/12/11,true,39
404,370,453,2025/01/01,true,44
405,539,307,2025/04/24,false,30
406,476,895,2025/04/07,true,28
407,954,489,2025/05/11,true,32
408,906,608,2025/04/15,true,40
409,226,329,2025/03/15,false,35
410,693,652,2025/02/27,false,47
411,225,898,2025/03/22,false,39
412,762,200,2025/09/08,true,30
413,768,684,2025/12/19,false,31
414,587,933,2025/04/24,true,41
415,492,513,2025/11/30,true,26
416,723,931,2025/10/23,true,26
417,301,737,2025/06/30,true,49
418,404,111,2025/02/08,false,41
419,291,771,2025/10/17,false,28
420,323,392,2025/11/05,false,21
421,130,535,2025/05/18,true,27
422,361,544,2025/04/16,false,22
423,406,383,2025/11/11,false,36
424,740,155,2025/01/09,true,36
425,522,361,2024/12/28,true,50
426,12,413,2025/09/08,false,45
427,738,818,2025/09/12,true,33
428,132,906,2025/06/28,false,45
429,448,189,2025/04/14,true,45
430,44,375,2025/11/11,false,45
431,827,404,2025/07/22,true,35
432,932,299,2025/02/02,false,41
433,772,460,2025/04/23,true,36
434,92,774,2025/08/20,false,50
435,705,639,2025/12/16,false,41
436,353,220,2025/03/22,true,40
437,912,950,2025/08/25,true,23
438,564,353,2025/07/05,true,41
439,543,809,2025/04/14,false,35
440,952,259,2025/01/13,true,43
441,245,295,2025/05/25,true,32
442,872,671,2025/01/16,true,42
443,566,108,2025/10/25,false,30
444,505,948,2025/11/10,false,49
445,137,911,2025/11/02,false,39
446,482,595,2025/12/14,false,42
447,182,493,2025/10/17,true,39
448,685,536,2025/10/10,true,25
449,146,495,2025/08/04,true,28
450,441,912,2025/02/18,true,31
451,869,748,2025/11/04,false,30
452,982,181,2025/03/14,true,47
453,574,292,2025/12/08,false,29
454,909,772,2025/09/15,false,20
455,339,168,2025/10/21,true,47
456,275,355,2025/10/08,true,31
457,750,327,2025/10/31,false,40
458,635,512,2025/03/28,true,49
459,637,361,2025/08/14,true,44
460,265,935,2025/03/09,true,23
461,987,746,2025/10/13,true,44
462,101,722,2025/03/22,true,30
463,270,332,2025/08/31,false,23
464,713,804,2025/04/09,true,48
465,68,692,2025/02/20,false,20
466,34,174,2025/02/02,true,30
467,603,623,2025/10/24,false,50
468,57,266,2025/11/11,false,28
469,341,438,2025/03/08,true,38
470,899,78,2025/06/06,false,27
471,276,148,2024/12/29,false,33
472,287,568,2025/04/04,false,27
473,248,138,2025/07/10,false,36
474,801,513,2025/10/06,true,33
475,261,92,2025/05/04,false,43
476,863,980,2025/06/05,false,44
477,962,231,2025/11/20,false,38
478,785,512,2025/02/14,false,24
479,879,50,2025/08/05,false,44
480,235,908,2025/01/24,true,22
481,145,823,2025/12/05,true,35
482,995,783,2025/08/07,false,46
483,996,77,2025/08/20,false,22
484,872,996,2025/10/19,true,28
485,381,478,2025/05/19,true,49
486,701,363,2025/10/27,true,26
487,785,416,2025/01/23,false,40
488,571,124,2025/04/30,false,29
489,778,609,2025/05/05,true,43
490,206,880,2025/10/08,false,46
491,101,829,2025/06/30,true,46
492,701,14,2025/12/23,true,21
493,958,967,2025/06/18,true,23
494,76,476,2025/01/26,false,42
495,706,625,2025/06/25,true,23
496,817,895,2025/11/07,true,46
497,502,599,2025/03/01,false,27
498,1000,506,2025/10/14,true,20
499,509,469,2025/09/12,true,28
500,575,938,2025/07/27,false,46
501,415,108,2025/04/18,true,48
502,187,847,2025/01/20,true,40
503,983,133,2025/01/09,false,23
504,750,621,2025/02/21,false,47
505,399,330,2025/06/05,false,48
506,214,245,2025/02/15,true,32
507,617,298,2025/05/14,false,47
508,582,278,2025/04/30,false,45
509,125,513,2025/07/31,false,31
510,104,624,2025/11/19,false,47
511,759,456,2025/07/11,false,29
512,94,707,2024/12/31,true,47
513,232,892,2025/02/12,false,21
514,574,507,2025/10/29,true,20
515,668,70,2025/12/11,true,47
516,944,65,2025/10/05,true,35
517,549,523,2025/02/13,true,29
518,428,879,2025/02/28,false,47
519,217,940,2025/12/16,false,49
520,359,730,2025/07/07,false,49
521,571,240,2025/08/31,false,33
522,433,478,2025/06/26,true,35
523,261,753,2025/12/30,false,46
524,213,671,2025/03/14,false,32
525,775,618,2025/12/11,true,42
526,190,618,2025/10/21,false,49
527,276,655,2025/06/22,true,36
528,472,846,2024/12/19,true,39
529,959,606,2025/01/20,true,49
530,628,483,2025/07/03,false,22
531,299,398,2025/12/22,false,38
532,239,594,2024/12/25,true,28
533,667,195,2024/12/21,false,28
534,278,48,2025/07/14,true,32
535,228,493,2024/12/17,false,39
536,763,212,2025/07/30,false,33
537,437,836,2025/06/26,false,39
538,815,231,2025/03/21,true,23
539,195,759,2025/04/18,false,39
540,462,632,2025/08/24,true,39
541,367,892,2025/10/22,false,43
542,312,415,2024/12/08,false,39
543,220,99,2025/11/18,false,45
544,45,110,2025/08/12,true,37
545,219,924,2024/12/09,true,23
546,295,679,2025/02/24,false,35
547,53,93,2025/05/31,false,26
548,117,640,2025/06/25,true,31
549,864,431,2025/05/24,true,22
550,342,92,2025/12/06,false,35
551,989,965,2025/08/02,false,49
552,889,85,2024/12/08,false,26
553,443,364,2025/03/25,true,23
554,411,62,2025/02/07,false,29
555,278,96,2025/06/03,true,36
556,966,865,2025/07/01,false,25
557,389,406,2025/04/29,false,41
558,674,145,2025/05/07,false,41
559,63,509,2025/07/31,false,22
560,941,486,2025/10/08,false,40
561,758,588,2025/05/14,false,46
562,231,622,2025/03/11,true,27
563,703,450,2025/05/20,false,39
564,920,102,2025/04/06,true,24
565,409,762,2025/12/13,false,29
566,901,246,2025/12/23,false,22
567,507,53,2025/06/28,true,45
568,832,962,2025/02/21,false,24
569,915,20,2025/05/06,false,20
570,65,893,2025/01/27,true,50
571,404,983,2025/11/19,false,48
572,654,485,2025/04/22,false,39
573,214,312,2025/08/20,false,22
574,950,628,2025/04/17,false,35
575,595,857,2025/02/02,true,34
576,805,650,2025/12/10,false,36
577,109,728,2025/04/11,true,26
578,160,230,2025/06/28,false,24
579,697,120,2025/06/17,false,32
580,782,621,2025/07/22,false,37
581,165,198,2025/02/02,true,24
582,889,986,2025/01/25,true,38
583,700,581,2025/07/28,true,37
584,476,697,2025/10/04,true,20
585,368,91,2025/07/25,false,47
586,362,160,2025/10/01,true,36
587,969,739,2025/12/13,false,42
588,49,35,2025/02/22,false,39
589,212,511,2025/04/01,false,21
590,971,788,2025/09/25,false,21
591,588,448,2025/02/14,true,48
592,629,29,2025/03/07,true,27
593,912,264,2025/09/24,true,23
594,146,867,2025/12/03,true,27
595,349,129,2025/03/02,true,50
596,630,428,2025/06/09,false,23
597,756,693,2025/08/06,true,44
598,317,509,2025/05/12,true,41
599,225,404,2025/07/26,false,26
600,853,853,2025/07/14,true,34
601,529,624,2025/06/02,true,32
602,462,80,2025/03/02,false,50
603,881,170,2025/10/21,false,34
604,404,58,2025/01/07,false,34
605,651,174,2025/01/09,false,31
606,498,225,2025/09/24,false,33
607,742,210,2024/12/11,false,43
608,130,871,2025/07/19,false,46
609,634,171,2025/06/26,false,45
610,455,482,2025/07/23,false,50
611,645,491,2025/05/07,true,38
612,957,999,2025/08/20,true,43
613,989,309,2025/11/11,false,50
614,728,335,2025/03/04,false,49
615,412,447,2025/06/16,false,32
616,817,45,2025/11/25,true,43
617,267,352,2025/08/15,true,26
618,919,80,2025/10/22,true,46
619,880,308,2025/07/11,true,43
620,150,830,2025/01/20,true,25
621,651,293,2025/08/23,true,23
622,238,655,2025/12/19,true,49
623,819,516,2025/01/26,true,41
624,848,831,2025/04/02,true,46
625,318,483,2025/08/27,false,45
626,5,900,2025/10/23,false,47
627,531,242,2025/11/28,true,36
628,217,462,2025/02/22,false,21
629,503,953,2025/01/16,false,24
630,521,893,2025/12/26,false,22
631,45,280,2025/11/13,true,24
632,991,337,2025/12/18,false,26
633,339,106,2025/12/21,false,40
634,751,128,2025/02/15,false,26
635,597,865,2025/11/29,false,39
636,522,987,2025/03/24,false,30
637,231,253,2025/12/09,true,40
638,304,382,2024/12/06,false,35
639,581,779,2025/07/22,true,22
640,822,834,2025/09/09,true,49
641,425,733,2025/10/10,false,25
642,655,855,2025/06/20,true,41
643,304,334,2025/04/30,false,49
644,824,210,2025/01/31,true,34
645,377,832,2025/10/28,false,25
646,100,793,2025/06/30,true,37
647,588,961,2025/01/25,false,25
648,27,312,2025/07/03,false,27
649,57,187,2025/06/07,true,26
650,928,865,2025/06/22,false,37
651,14,667,2025/11/30,true,30
652,844,45,2025/01/20,false,39
653,57,872,2025/05/04,false,32
654,995,962,2025/08/31,false,32
655,241,698,2025/05/27,true,46
656,747,683,2024/12/11,false,48
657,910,47,2025/03/09,true,42
658,923,108,2024/12/17,false,35
659,393,140,2025/11/20,true,27
660,955,882,2025/02/24,false,36
661,590,829,2025/12/11,true,28
662,112,538,2025/10/18,true,46
663,274,256,2025/01/23,false,39
664,119,43,2025/04/23,true,23
665,188,825,2025/05/15,true,27
666,539,114,2025/07/09,true,49
667,725,450,2025/01/30,true,20
668,225,959,2025/05/28,false,28
669,826,630,2025/03/24,true,22
670,715,145,2025/05/09,true,47
671,282,518,2025/01/20,true,40
672,374,8,2025/10/29,false,36
673,307,862,2025/11/20,true,42
674,613,421,2025/12/02,true,31
675,480,128,2025/11/29,false,44
676,431,848,2025/04/18,false,48
677,427,745,2025/10/16,true,29
678,347,183,2025/05/29,false,21
679,617,96,2025/08/16,true,31
680,206,366,2024/12/29,true,25
681,114,684,2025/04/01,false,33
682,815,992,2025/06/16,false,24
683,343,847,2025/02/25,true,45
684,317,410,2025/01/24,true,27
685,631,502,2025/07/20,true,49
686,823,229,2025/01/05,false,46
687,730,472,2025/05/24,false,50
688,351,4,2025/05/02,false,49
689,417,891,2025/09/18,false,20
690,639,167,2025/03/11,true,28
691,512,595,2024/12/08,false,39
692,697,558,2025/01/14,true,43
693,306,756,2025/09/27,false,29
694,852,554,2025/10/29,false,41
695,684,280,2025/07/11,false,41
696,422,559,2025/01/22,true,32
697,935,185,2025/01/17,true,34
698,937,327,2025/06/15,true,37
699,826,927,2025/04/11,true,31
700,483,671,2025/02/18,true,36
701,427,905,2025/07/20,true,46
702,423,149,2025/02/07,true,43
703,818,190,2025/02/18,false,46
704,54,757,2025/02/21,true,29
705,264,477,2025/01/25,false,41
706,59,248,2025/02/17,true,31
707,205,596,2025/12/22,false,33
708,350,376,2025/02/04,true,33
709,179,648,2025/05/29,true,25
710,772,737,2025/06/15,true,45
711,259,208,2025/07/26,false,44
712,577,303,2025/09/06,true,42
713,460,24,2025/10/28,false,47
714,239,715,2025/12/09,true,44
715,449,957,2025/10/02,false,47
716,718,331,2025/06/24,true,35
717,386,523,2025/11/29,false,30
718,96,730,2025/12/23,true,43
719,414,600,2025/03/05,true,37
720,782,922,2025/02/20,false,28
721,419,163,2025/01/11,false,24
722,22,137,2025/12/15,true,30
723,603,574,2025/06/26,true,23
724,507,810,2025/02/23,true,36
725,748,420,2025/02/27,false,38
726,82,380,2025/07/14,false,31
727,772,126,2025/10/27,true,45
728,768,486,2025/03/10,false,47
729,724,203,2025/10/17,true,40
730,813,382,2025/07/11,true,38
731,650,829,2025/03/15,true,20
732,243,514,2025/05/20,true,35
733,903,168,2025/01/13,false,37
734,449,843,2025/11/01,true,24
735,85,964,2025/02/09,false,44
736,505,380,2025/03/22,true,45
737,487,867,2025/02/16,true,24
738,641,538,2025/03/17,true,34
739,4,237,2025/04/04,false,34
740,842,476,2025/10/26,true,25
741,142,855,2025/03/08,true,21
742,220,940,2025/12/08,true,26
743,489,98,2025/05/11,false,39
744,218,860,2025/05/31,true,49
745,733,26,2025/01/06,false,27
746,506,683,2025/07/13,true,31
747,86,753,2025/02/12,true,21
748,913,582,2025/09/17,true,42
749,909,946,2025/04/30,true,23
750,175,692,2025/01/09,true,43
751,902,421,2025/12/05,true,43
752,890,724,2025/05/14,true,49
753,496,347,2025/09/08,true,30
754,545,86,2025/07/13,false,28
755,854,862,2025/12/25,false,27
756,490,875,2025/05/22,true,48
757,975,689,2025/02/12,false,49
758,34,421,2025/10/04,false,47
759,175,81,2025/11/28,true,48
760,780,60,2025/04/29,false,20
761,592,122,2025/02/23,true,32
762,196,597,2025/08/03,false,28
763,396,516,2025/05/20,false,22
764,420,828,2025/07/24,false,44
765,316,181,2025/11/05,true,33
766,748,881,2025/08/03,false,39
767,286,260,2025/11/24,true,21
768,250,697,2025/05/19,false,49
769,573,252,2024/12/25,true,22
770,881,255,2025/07/15,false,37
771,249,126,2025/05/15,true,38
772,978,398,2025/10/27,false,37
773,466,226,2025/04/22,true,39
774,934,915,2025/08/17,true,20
775,620,12,2025/06/13,false,20
776,570,181,2025/01/09,true,29
777,942,285,2025/04/12,false,35
778,306,703,2025/10/10,false,28
779,721,664,2025/12/10,true,24
780,906,608,2025/04/13,true,45
781,590,93,2025/01/08,true,49
782,651,811,2025/12/15,true,27
783,654,209,2024/12/24,false,33
784,577,801,2025/11/11,false,42
785,209,588,2025/10/05,true,33
786,5,439,2025/09/16,false,21
787,595,762,2025/10/25,false,44
788,76,895,2025/04/01,false,25
789,843,9,2025/09/04,true,26
790,362,386,2025/02/03,false,27
791,688,343,2025/03/23,true,30
792,10,720,2025/01/28,false,49
793,456,658,2025/12/23,true,36
794,358,204,2025/08/15,true,21
795,344,836,2025/02/23,false,35
796,64,312,2025/04/30,true,28
797,757,683,2025/03/13,false,46
798,459,610,2025/04/17,true,47
799,343,9,2025/09/25,false,23
800,315,266,2024/12/18,false,34
801,368,454,2025/05/11,false,50
802,998,88,2025/12/16,false,34
803,896,284,2025/02/10,false,31
804,269,591,2025/04/27,false,30
805,434,668,2025/07/16,false,40
806,500,906,2025/01/11,true,33
807,426,949,2025/01/28,false,27
808,978,859,2025/08/03,false,20
809,670,825,2025/07/12,false,47
810,389,430,2025/04/13,false,47
811,228,145,2025/03/07,true,40
812,76,616,2025/02/12,true,21
813,617,606,2025/12/22,false,35
814,441,792,2025/01/06,false,48
815,498,915,2025/02/04,false,38
816,288,921,2025/06/05,false,48
817,981,860,2025/08/23,false,36
818,43,817,2025/12/07,true,24
819,583,343,2025/08/11,true,38
820,529,44,2025/04/27,false,32
821,440,995,2025/06/12,false,29
822,820,119,2025/04/05,true,27
823,664,375,2025/12/18,true,29
824,63,663,2025/03/05,false,43
825,975,496,2025/06/24,false,29
826,321,742,2025/03/06,true,33
827,506,371,2025/10/13,true,50
828,667,571,2025/08/11,true,43
829,442,872,2025/08/29,true,20
830,475,386,2025/02/09,false,30
831,692,216,2025/11/21,false,41
832,886,851,2025/04/05,false,43
833,93,393,2025/05/15,false,41
834,505,123,2025/11/02,true,33
835,939,848,2025/08/22,false,43
836,51,299,2025/06/30,false,48
837,556,446,2025/10/18,false,45
838,435,752,2025/03/19,false,23
839,253,588,2024/12/07,true,44
840,643,772,2025/10/29,false,38
841,657,767,2025/11/06,true,40
842,501,45,2025/10/25,true,25
843,611,726,2025/02/25,false,48
844,679,328,2025/07/30,true,46
845,973,317,2025/02/18,false,31
846,850,570,2025/12/08,true,40
847,393,499,2025/06/11,true,50
848,596,119,2025/09/20,true,20
849,640,346,2025/12/03,false,34
850,928,892,2025/06/10,false,26
851,447,507,2025/09/20,true,29
852,704,775,2025/01/24,false,32
853,424,863,2025/01/30,false,45
854,861,44,2024/12/10,true,24
855,313,695,2025/07/28,false,25
856,314,209,2025/08/01,true,41
857,136,828,2025/01/12,true,39
858,6,436,2025/07/10,true,45
859,932,864,2025/02/28,false,41
860,881,203,2025/06/13,false,26
861,954,417,2025/08/12,false,29
862,84,361,2025/04/03,false,33
863,425,186,2025/09/21,true,22
864,438,140,2025/08/12,true,26
865,791,998,2025/12/21,true,35
866,592,104,2025/09/02,false,22
867,29,519,2025/08/20,false,37
868,176,334,2025/10/29,true,34
869,299,183,2025/01/08,true,42
870,248,608,2025/03/02,true,44
871,297,839,2025/04/03,true,20
872,449,140,2025/11/19,true,49
873,75,12,2025/05/12,false,44
874,169,209,2025/04/28,true,34
875,647,11,2025/11/07,false,50
876,226,822,2025/03/31,true,25
877,912,208,2025/03/31,true,25
878,903,552,2025/06/04,false,35
879,451,157,2025/09/29,true,45
880,126,428,2024/12/13,false,36
881,879,105,2024/12/27,false,30
882,655,497,2025/12/21,true,49
883,931,504,2025/03/30,false,29
884,117,62,2025/01/31,false,47
885,523,215,2025/06/06,true,36
886,780,979,2025/08/21,true,50
887,323,759,2025/03/27,false,21
888,750,967,2025/03/23,false,37
889,184,868,2025/10/17,false,43
890,903,943,2025/10/10,true,37
891,607,829,2025/03/31,false,32
892,772,884,2025/09/10,false,45
893,16,794,2025/04/02,true,27
894,390,184,2025/05/11,false,47
895,819,273,2025/03/11,true,23
896,637,692,2025/04/01,true,32
897,852,770,2025/03/19,true,37
898,495,261,2024/12/31,true,36
899,11,521,2025/08/03,true,26
900,952,206,2025/06/19,true,27
901,892,394,2025/06/24,true,22
902,408,746,2025/03/13,true,33
903,112,672,2025/04/02,true,27
904,210,141,2025/02/17,true,35
905,818,237,2025/05/11,false,38
906,436,963,2025/11/16,true,43
907,810,86,2025/07/12,false,31
908,710,807,2025/11/03,false,33
909,536,555,2025/10/09,false,34
910,953,467,2025/11/21,true,39
911,133,198,2025/09/12,false,27
912,467,277,2025/03/01,false,25
913,787,413,2025/05/08,true,27
914,799,297,2024/12/07,true,37
915,243,966,2025/11/27,false,40
916,737,929,2024/12/22,true,33
917,157,687,2025/12/25,true,46
918,195,80,2025/01/03,true,28
919,232,697,2025/07/24,true,45
920,110,249,2025/04/02,true,40
921,869,781,2025/07/21,false,29
922,909,519,2025/10/24,true,49
923,326,136,2024/12/22,false,46
924,846,311,2024/12/12,true,27
925,964,150,2025/03/04,false,33
926,27,38,2024/12/22,false,44
927,377,739,2025/06/24,false,20
928,776,787,2025/04/06,false,25
929,105,107,2025/04/04,true,26
930,139,28,2025/01/16,false,47
931,531,842,2025/07/08,true,37
932,91,971,2025/04/08,true,46
933,16,366,2025/05/12,false,38
934,336,440,2025/02/02,true,42
935,852,881,2025/01/19,false,30
936,326,805,2025/04/30,false,21
937,779,180,2025/12/18,true,44
938,803,971,2025/09/24,true,33
939,334,218,2025/06/28,true,35
940,462,593,2025/09/09,false,26
941,375,305,2025/10/17,false,31
942,768,565,2025/08/03,false,42
943,791,728,2025/11/14,true,24
944,940,593,2025/09/25,true,20
945,980,963,2025/08/16,false,37
946,464,596,2025/09/05,false,41
947,700,396,2025/11/19,false,49
948,885,848,2025/09/04,true,34
949,546,809,2025/06/07,true,21
950,436,854,2025/11/15,true,29
951,434,712,2025/12/26,true,20
952,788,189,2025/12/14,true,40
953,292,630,2025/09/16,false,42
954,282,210,2025/12/02,true,20
955,660,948,2025/05/27,true,49
956,176,75,2025/05/17,true,32
957,327,158,2025/01/16,true,33
958,943,396,2025/03/15,true,28
959,860,745,2025/07/05,true,28
960,761,834,2025/07/10,true,46
961,131,587,2024/12/16,true,30
962,295,889,2025/09/26,true,42
963,527,311,2025/08/04,false,29
964,37,55,2025/07/13,true,49
965,753,474,2025/01/18,true,26
966,125,627,2025/10/22,false,42
967,659,461,2024/12/12,true,45
968,734,545,2025/08/06,true,49
969,731,857,2025/02/18,false,39
970,529,483,2025/06/13,true,32
971,165,747,2025/07/10,false,20
972,612,906,2025/09/12,true,23
973,629,156,2025/11/05,true,41
974,19,285,2025/03/27,false,46
975,374,111,2025/10/30,true,21
976,81,855,2025/11/27,true,24
977,647,493,2025/02/26,false,25
978,719,499,2025/10/19,false,42
979,280,304,2024/12/10,true,31
980,801,569,2025/09/27,true,26
981,594,805,2025/08/22,true,50
982,371,677,2025/03/08,true,48
983,119,658,2025/06/15,false,33
984,381,427,2025/02/19,true,29
985,901,38,2025/01/13,true,21
986,737,55,2025/04/13,false,50
987,314,30,2025/01/08,false,27
988,704,984,2025/02/04,true,20
989,679,818,2025/02/13,false,46
990,125,947,2025/07/31,true,23
991,542,339,2025/08/30,true,20
992,493,968,2025/07/21,true,30
993,257,122,2025/05/28,false,37
994,197,375,2025/07/14,true,22
995,505,212,2025/11/17,true,26
996,277,923,2025/05/18,false,47
997,588,670,2025/01/17,false,50
998,957,935,2025/07/07,false,45
999,428,801,2025/12/25,false,50
1000,150,966,2025/08/12,false,23
